{
  "attackIndex": 907,
  "attackName": "Ivy Cudgel Wellspring",
  "attackType": "WATER",
  "attackCategory": "PHYSICAL",
  "basePower": 100,
  "ppBase": 10,
  "ppMax": 16,
  "accuracy": 100,
  "makesContact": false,
  "effects": [
    {
      "stages": 1,
      "modifiers": [],
      "persists": false,
      "effectTypeID": "CriticalHit"
    }
  ],
  "animations": [
    "leapForward"
  ],
  "targetingInfo": {
    "hitsAll": false,
    "hitsOppositeFoe": true,
    "hitsAdjacentFoe": true,
    "hitsExtendedFoe": false,
    "hitsSelf": false,
    "hitsAdjacentAlly": true,
    "hitsExtendedAlly": false
  },
  "z": [
    {
      "crystal": "waterium_z",
      "attackName": "Hydro Vortex",
      "basePower": 175,
      "effects": [],
      "allowedPokemon": []
    }
  ]
}