{
    "providers" : [
        {
            "type": "ttf",
            "file": "minecraft:font.ttf",
            "shift": [0, 1],
            "size": 11.0,
            "oversample": 4
        },
        {
            "type": "bitmap",
            "file": "minecraft:emoji/menu.png",
            "ascent": 74,
            "height": 90,
            "chars": ["🧑"]
		},
		{
		  "file": "minecraft:emoji/mainmenu.png",
		  "color": "&f",
		  "type": "bitmap",
		  "chars": ["😙"],
		  "ascent": 13,
		  "height": 256
		},
		{
		  "file": "minecraft:emoji/space.png",
		  "color": "&f",
		  "type": "bitmap",
		  "chars": ["🧭"],
		  "ascent": -32768,
		  "height": -10
		},
		{
		  "file": "minecraft:emoji/banitem.png",
		  "color": "&f",
		  "type": "bitmap",
		  "chars": ["🎃"],
		  "ascent": 1,
		  "height": 64
		},
		{
		  "file": "minecraft:emoji/dangersoup.png",
		  "color": "&f",
		  "type": "bitmap",
		  "chars": ["🎄"],
		  "ascent": 1,
		  "height": 64
		},
		{
		  "file": "minecraft:emoji/live1.png",
		  "color": "&f",
		  "type": "bitmap",
		  "chars": ["🍇"],
		  "ascent": 13,
		  "height": 256
		},
		{
		  "file": "minecraft:emoji/live2.png",
		  "color": "&f",
		  "type": "bitmap",
		  "chars": ["🍈"],
		  "ascent": 13,
		  "height": 256
		},
		{
		  "file": "minecraft:emoji/live3.png",
		  "color": "&f",
		  "type": "bitmap",
		  "chars": ["🍉"],
		  "ascent": 13,
		  "height": 256
		},
		{
		  "file": "minecraft:emoji/live4.png",
		  "color": "&f",
		  "type": "bitmap",
		  "chars": ["🍊"],
		  "ascent": 13,
		  "height": 256
		},
		{
		  "file": "minecraft:emoji/gymmain.png",
		  "color": "&f",
		  "type": "bitmap",
		  "chars": ["⚽"],
		  "ascent": 13,
		  "height": 256
		},
		{
		  "file": "minecraft:emoji/gym1.png",
		  "color": "&f",
		  "type": "bitmap",
		  "chars": ["⚾"],
		  "ascent": 13,
		  "height": 256
		},
		{
		  "file": "minecraft:emoji/gym2.png",
		  "color": "&f",
		  "type": "bitmap",
		  "chars": ["🏀"],
		  "ascent": 13,
		  "height": 256
		},
		{
		  "file": "minecraft:emoji/gym3.png",
		  "color": "&f",
		  "type": "bitmap",
		  "chars": ["🏐"],
		  "ascent": 13,
		  "height": 256
		},
		{
		  "file": "minecraft:emoji/rocketmain.png",
		  "color": "&f",
		  "type": "bitmap",
		  "chars": ["✈"],
		  "ascent": 13,
		  "height": 256
		},
		{
		  "file": "minecraft:emoji/tpmain.png",
		  "color": "&f",
		  "type": "bitmap",
		  "chars": ["🚂"],
		  "ascent": 13,
		  "height": 256
		},
		{
		  "file": "minecraft:emoji/rocket1.png",
		  "color": "&f",
		  "type": "bitmap",
		  "chars": ["👓"],
		  "ascent": 13,
		  "height": 256
		},
		{
		  "file": "minecraft:emoji/rocket2.png",
		  "color": "&f",
		  "type": "bitmap",
		  "chars": ["🕶"],
		  "ascent": 13,
		  "height": 256
		},
		{
		  "file": "minecraft:emoji/rocket3.png",
		  "color": "&f",
		  "type": "bitmap",
		  "chars": ["🥽"],
		  "ascent": 13,
		  "height": 256
		},
		{
		  "file": "minecraft:emoji/wildtp.png",
		  "color": "&f",
		  "type": "bitmap",
		  "chars": ["🏔"],
		  "ascent": 13,
		  "height": 256
		},
		{
		  "file": "minecraft:emoji/wildlist.png",
		  "color": "&f",
		  "type": "bitmap",
		  "chars": ["🏕"],
		  "ascent": 13,
		  "height": 256
		},
		{
		  "file": "minecraft:emoji/endmenu1.png",
		  "color": "&f",
		  "type": "bitmap",
		  "chars": ["🤑"],
		  "ascent": 13,
		  "height": 256
		},
		{
		  "file": "minecraft:emoji/endmenu2.png",
		  "color": "&f",
		  "type": "bitmap",
		  "chars": ["🤠"],
		  "ascent": 13,
		  "height": 256
		},
		{
		  "file": "minecraft:emoji/endmenu3.png",
		  "color": "&f",
		  "type": "bitmap",
		  "chars": ["🤯"],
		  "ascent": 13,
		  "height": 256
		},
		{
		  "file": "minecraft:emoji/endmenu4.png",
		  "color": "&f",
		  "type": "bitmap",
		  "chars": ["👺"],
		  "ascent": 13,
		  "height": 256
		}
    ]
}